{
  "processed_files": [
    "/Volumes/resizelab/o2b-undllm/4_OUT/2_FROM_VFX/BY_SHOT/UNDLM_00001/UNDLM_00001_v002.mov:1749193107.327051:1057911",
    "/Volumes/resizelab/o2b-undllm/4_OUT/2_FROM_VFX/BY_SHOT/UNDLM_00001/UNDLM_00001_v012.mov:1749193107.327051:1057911",
    "/Volumes/resizelab/o2b-undllm/4_OUT/2_FROM_VFX/BY_SHOT/UNDLM_00001/UNDLM_00001_v006.mov:1749193107.327051:1057911",
    "/Volumes/resizelab/o2b-undllm/4_OUT/2_FROM_VFX/BY_SHOT/UNDLM_00001/UNDLM_00001_v999.mov:1751792911.465657:128",
    "/Volumes/resizelab/o2b-undllm/4_OUT/2_FROM_VFX/BY_SHOT/UNDLM_00001/UNDLM_00001_v015.mov:1749193107.327051:1057911",
    "/Volumes/resizelab/o2b-undllm/4_OUT/2_FROM_VFX/BY_SHOT/UNDLM_00001/UNDLM_00001_v011.mov:1749193107.327051:1057911",
    "/Volumes/resizelab/o2b-undllm/4_OUT/2_FROM_VFX/BY_SHOT/UNDLM_00001/UNDLM_00001_v005.mov:1749193107.327051:1057911",
    "/Volumes/resizelab/o2b-undllm/4_OUT/2_FROM_VFX/BY_SHOT/UNDLM_00001/UNDLM_00001_v010.mov:1749193107.327051:1057911",
    "/Volumes/resizelab/o2b-undllm/4_OUT/2_FROM_VFX/BY_SHOT/UNDLM_00001/UNDLM_00001_v001.mov:1748850660.185404:38907661",
    "/mock/path/UNDLM_00020_v001.mov:123456789:1000000",
    "/Volumes/resizelab/o2b-undllm/4_OUT/2_FROM_VFX/BY_SHOT/UNDLM_00001/UNDLM_00001_v009.mov:1749193107.327051:1057911",
    "/mock/path/UNDLM_00100_v002.mov:123456789:1000000",
    "/test/path/UNDLM_00001.mov:1234567890:1000000",
    "/Volumes/resizelab/o2b-undllm/4_OUT/2_FROM_VFX/BY_SHOT/UNDLM_00001/UNDLM_00001_v014.mov:1749193107.327051:1057911",
    "/mock/path/UNDLM_00001_v003.mov:123456789:1000000",
    "/Volumes/resizelab/o2b-undllm/4_OUT/2_FROM_VFX/BY_SHOT/UNDLM_00001/UNDLM_00001_v008.mov:1749193107.327051:1057911",
    "/test/path/UNDLM_00003.mov:1234567892:1000000",
    "/test/path/UNDLM_00002.mov:1234567891:1000000",
    "/Volumes/resizelab/o2b-undllm/4_OUT/2_FROM_VFX/BY_SHOT/UNDLM_00001/UNDLM_00001_v004.mov:1749193107.327051:1057911"
  ],
  "last_scan": "2025-07-06T17:31:09.396907",
  "lucidlink_detection": {
    "enabled": true,
    "last_check": null,
    "mount_points": [],
    "sync_stats": {
      "total_files": 0,
      "sync_failures": 0,
      "avg_sync_time": 0
    }
  },
  "file_processing": {
    "pre_upload_checks": [
      "file_exists",
      "file_accessible",
      "file_stable",
      "lucidlink_synced"
    ],
    "lucidlink_specific_checks": [
      "size_verification",
      "hash_verification",
      "partial_file_detection"
    ]
  }
}